https://t.me/fartgoblincoin,7 subscribers
https://t.me/mewcatCOIN,11 subscribers
https://t.me/successkidofficialsol,1 149 subscribers
https://t.me/AiCoinSOL,41 subscribers
https://t.me/tolygramportal,3 subscribers
https://t.me/cbpcportal,20 subscribers
https://t.me/Mememanuscript,"7 members, 2 online"
https://t.me/AiCoinSOL,41 subscribers
https://t.me/kwiktrippy,3 subscribers
https://t.me/ADogInTheMatrix,1 630 subscribers
https://t.me/Book_Of_Wif,10 subscribers
https://t.me/tolygramportal,3 subscribers
https://t.me/PengkitaOnSol,334 subscribers
https://t.me/kwiktrippy,3 subscribers
https://t.me/holybiblebooksol,7 subscribers
https://t.me/+K3NqHlnouGc3ZDdh,15 subscribers
https://t.me/PengkitaOnSol,334 subscribers
https://t.me/+4WJcor6BRz0zNzY0,1 subscriber
https://t.me/AiCoinSOL,41 subscribers
https://t.me/idkdontbuy,1 061 subscribers
https://t.me/holybiblebooksol,7 subscribers
https://t.me/holybiblebooksol,7 subscribers
https://t.me/imhorny_ngl_idk,4 subscribers
https://t.me/ADogInTheMatrix,1 630 subscribers
https://t.me/+6J2bwRz-baw4ZWM0,2 subscribers
https://t.me/PengkitaOnSol,334 subscribers
https://t.me/turniponsol,4 subscribers
https://t.me/idkdontbuy,1 061 subscribers
https://t.me/PengkitaOnSol,334 subscribers
https://t.me/imhorny_ngl_idk,4 subscribers
https://t.me/kwiktrippy,3 subscribers
https://t.me/PengkitaOnSol,334 subscribers
https://t.me/idkdontbuy,1 061 subscribers
https://t.me/cryptopenkssol,124 subscribers
https://t.me/PengkitaOnSol,334 subscribers
https://t.me/autismio,"414 members, 57 online"
https://t.me/r1portal,26 subscribers
https://t.me/kwiktrippy,3 subscribers
https://t.me/PengkitaOnSol,334 subscribers
https://t.me/boffsolana,26 subscribers
https://t.me/blekroksol,483 subscribers
https://t.me/PengkitaOnSol,334 subscribers
https://t.me/PengkitaOnSol,334 subscribers
https://t.me/ADogInTheMatrix,1 630 subscribers
https://t.me/hallofmeme_sol,184 subscribers
https://t.me/BOMESOL,9 subscribers
https://t.me/boffsolana,26 subscribers
https://t.me/teslarace,72 subscribers
https://t.me/WhaleMurt_Sol,"71 members, 6 online"
https://t.me/+_vJb9YODqVI0ZTJk,3 subscribers
https://t.me/ADogInTheMatrix,1 630 subscribers
https://t.me/waranboofut,10 members
https://t.me/+Ua6gYayHXxk3NTJl,8 subscribers
https://t.me/+_vJb9YODqVI0ZTJk,3 subscribers
https://t.me/AiCoinSOL,41 subscribers
https://t.me/cucumbersol,8 subscribers
https://t.me/DOGSHISOL,2 subscribers
https://t.me/pepepotatosol,"103 members, 10 online"
https://t.me/+_vJb9YODqVI0ZTJk,3 subscribers
https://t.me/snoupOnSOL,6 subscribers
https://t.me/raydiumprotocol,"22 714 members, 2 105 online"
https://t.me/iykyksolana,2 subscribers
https://t.me/MichaelJurden,10 subscribers
https://t.me/worldofmemessol,152 subscribers
https://t.me/DOGSHISOL,2 subscribers
https://t.me/KinaCoin,8 subscribers
https://t.me/PengkitaOnSol,334 subscribers
https://t.me/snouponsol,6 subscribers
https://t.me/holybiblebooksol,7 subscribers
https://t.me/isdamsolana,8 subscribers
https://t.me/fromtemu,17 subscribers
https://t.me/snouponsol,6 subscribers
https://t.me/+VUqeMt5g924xZGE0,3 subscribers
https://t.me/moneydawgsol,10 subscribers
https://t.me/PengkitaOnSol,334 subscribers
https://t.me/SnepSolana,4 subscribers
https://t.me/boffsolana,26 subscribers
https://t.me/pengta,6 subscribers
